Age,Experience,Salary,City,Education,City_Label,Education_Level
27,7,129095,Hyderabad,Masters,3,1.0
40,10,51309,Bangalore,Masters,0,1.0
35,18,112455,Hyderabad,PhD,3,2.0
31,16,88734,Bangalore,Masters,0,1.0
28,7,95467,Delhi,PhD,2,2.0
41,2,77662,Chennai,Bachelors,1,0.0
27,2,123506,Chennai,Bachelors,1,0.0
39,0,134751,Chennai,Bachelors,1,0.0
43,4,143906,Hyderabad,Bachelors,3,0.0
31,9,37688,Delhi,PhD,2,2.0
31,6,50342,Bangalore,Masters,0,1.0
44,8,62157,Mumbai,Bachelors,4,0.0
41,6,92863,Bangalore,Masters,0,1.0
24,8,131308,Mumbai,PhD,4,2.0
28,7,77083,Bangalore,PhD,0,2.0
44,11,131081,Delhi,PhD,2,2.0
23,1,90733,Mumbai,Bachelors,4,0.0
42,0,114045,Hyderabad,Masters,3,1.0
41,15,59698,Bangalore,Masters,0,1.0
22,4,135078,Bangalore,Masters,0,1.0
44,2,105623,Mumbai,PhD,4,2.0
32,11,47671,Hyderabad,Bachelors,3,0.0
26,7,50184,Hyderabad,PhD,3,2.0
22,2,118384,Delhi,PhD,2,2.0
41,0,67107,Hyderabad,Masters,3,1.0
21,2,111202,Hyderabad,PhD,3,2.0
32,4,134893,Hyderabad,Masters,3,1.0
42,14,76663,Chennai,Bachelors,1,0.0
32,13,40708,Delhi,Masters,2,1.0
37,2,116906,Bangalore,Bachelors,0,0.0
30,0,74811,Mumbai,Masters,4,1.0
36,4,27811,Bangalore,PhD,0,2.0
35,13,81250,Delhi,PhD,2,2.0
35,6,137547,Mumbai,Bachelors,4,0.0
39,8,97082,Delhi,Bachelors,2,0.0
32,14,149249,Hyderabad,Bachelors,3,0.0
43,14,59754,Mumbai,Masters,4,1.0
40,9,120742,Hyderabad,Masters,3,1.0
23,12,131642,Bangalore,Bachelors,0,0.0
25,18,36411,Bangalore,PhD,0,2.0
39,6,27911,Mumbai,Masters,4,1.0
27,16,92270,Mumbai,Masters,4,1.0
41,19,108763,Delhi,Masters,2,1.0
29,3,33680,Delhi,Bachelors,2,0.0
27,4,109896,Hyderabad,Bachelors,3,0.0
38,6,108879,Mumbai,Bachelors,4,0.0
24,12,96295,Bangalore,Bachelors,0,0.0
34,14,113614,Delhi,Bachelors,2,0.0
38,10,125689,Delhi,PhD,2,2.0
29,3,36111,Bangalore,PhD,0,2.0
41,12,62504,Delhi,Bachelors,2,0.0
22,6,26802,Hyderabad,Masters,3,1.0
40,18,33155,Mumbai,Bachelors,4,0.0
35,1,98656,Bangalore,PhD,0,2.0
27,9,64384,Mumbai,PhD,4,2.0
32,12,137561,Delhi,Masters,2,1.0
28,5,72254,Delhi,PhD,2,2.0
35,11,46918,Bangalore,Bachelors,0,0.0
23,11,110981,Hyderabad,Masters,3,1.0
34,19,85713,Chennai,Bachelors,1,0.0
37,10,55306,Bangalore,Bachelors,0,0.0
24,6,41646,Chennai,Masters,1,1.0
38,0,71843,Chennai,Bachelors,1,0.0
28,0,145975,Hyderabad,PhD,3,2.0
24,19,121601,Chennai,Bachelors,1,0.0
22,12,115735,Chennai,Masters,1,1.0
26,8,132512,Hyderabad,Masters,3,1.0
42,2,41371,Chennai,Masters,1,1.0
30,6,102371,Chennai,Bachelors,1,0.0
24,5,136472,Chennai,Masters,1,1.0
42,7,27049,Bangalore,Masters,0,1.0
38,8,56616,Bangalore,Bachelors,0,0.0
32,4,128727,Bangalore,PhD,0,2.0
22,0,137893,Hyderabad,Bachelors,3,0.0
30,18,45932,Delhi,Masters,2,1.0
24,9,142796,Chennai,Masters,1,1.0
34,11,54855,Chennai,Bachelors,1,0.0
36,14,86434,Hyderabad,PhD,3,2.0
35,8,97694,Chennai,Masters,1,1.0
28,19,68016,Bangalore,Masters,0,1.0
34,16,32400,Delhi,Masters,2,1.0
43,16,142858,Mumbai,Bachelors,4,0.0
28,19,67642,Chennai,Masters,1,1.0
41,11,40151,Bangalore,PhD,0,2.0
36,6,76407,Mumbai,Masters,4,1.0
33,1,91690,Delhi,Masters,2,1.0
38,2,29499,Mumbai,PhD,4,2.0
35,16,31295,Bangalore,Masters,0,1.0
41,4,145885,Mumbai,Bachelors,4,0.0
44,16,84040,Hyderabad,Bachelors,3,0.0
33,16,37183,Mumbai,Bachelors,4,0.0
29,16,54299,Chennai,PhD,1,2.0
35,1,37874,Chennai,Masters,1,1.0
33,1,141336,Hyderabad,Bachelors,3,0.0
21,4,57711,Bangalore,PhD,0,2.0
27,0,30539,Chennai,Masters,1,1.0
29,0,132941,Delhi,PhD,2,2.0
44,18,78351,Chennai,Bachelors,1,0.0
21,1,86267,Chennai,Bachelors,1,0.0
32,11,148133,Bangalore,Bachelors,0,0.0
