Pclass,Age,SibSp,Parch,Fare,FamilySize,IsAlone,Sex_male,Embarked_Q,Embarked_S,Target
0.9104981638676086,-2.065174342597979,-0.6361464251628642,-0.44021480027038185,1.5745829277986432,-0.7568878132050939,0.9160133513055992,0.0,0.0,1.0,1
-1.558649399163195,-0.40514975171289175,-0.6361464251628642,1.8318615882219116,-0.7654552494543946,0.26077647345721733,-1.091687144706673,0.0,0.0,1.0,1
0.9104981638676086,0.9228699209951782,-0.6361464251628642,-0.44021480027038185,-0.7409694525035976,-0.7568878132050939,0.9160133513055992,1.0,0.0,0.0,1
0.9104981638676086,-0.40514975171289175,-0.6361464251628642,-0.44021480027038185,-0.736218476975831,-0.7568878132050939,0.9160133513055992,1.0,0.0,1.0,0
-1.558649399163195,0.673866232362415,-0.6361464251628642,-0.44021480027038185,1.5745829277986432,-0.7568878132050939,0.9160133513055992,1.0,0.0,1.0,1
0.9104981638676086,-0.07314483353587428,0.5204834387696161,-0.44021480027038185,-0.7654552494543946,0.26077647345721733,-1.091687144706673,0.0,0.0,0.0,0
0.9104981638676086,0.009856396008380088,-0.6361464251628642,-0.44021480027038185,0.9101772732232845,-0.7568878132050939,0.9160133513055992,0.0,1.0,0.0,0
-0.3240756176477932,0.673866232362415,-0.6361464251628642,-0.44021480027038185,0.9101772732232845,-0.7568878132050939,0.9160133513055992,0.0,0.0,1.0,1
-1.558649399163195,0.673866232362415,1.6771133027020964,-0.44021480027038185,0.9101772732232845,1.2784407601195285,-1.091687144706673,0.0,0.0,0.0,0
-0.3240756176477932,-0.40514975171289175,-0.6361464251628642,-0.44021480027038185,-0.7654552494543946,-0.7568878132050939,0.9160133513055992,1.0,0.0,0.0,0
0.9104981638676086,0.009856396008380088,-0.6361464251628642,-0.44021480027038185,-0.736218476975831,-0.7568878132050939,0.9160133513055992,1.0,0.0,1.0,1
0.9104981638676086,-0.07314483353587428,-0.6361464251628642,-0.44021480027038185,1.5745829277986432,-0.7568878132050939,0.9160133513055992,1.0,0.0,0.0,0
-1.558649399163195,-0.07314483353587428,1.6771133027020964,-0.44021480027038185,0.9101772732232845,1.2784407601195285,-1.091687144706673,1.0,0.0,1.0,0
0.9104981638676086,0.009856396008380088,0.5204834387696161,-0.44021480027038185,-0.7654552494543946,0.26077647345721733,-1.091687144706673,0.0,0.0,1.0,0
0.9104981638676086,-2.065174342597979,1.6771133027020964,-0.44021480027038185,-0.7654552494543946,1.2784407601195285,-1.091687144706673,0.0,0.0,1.0,1
0.9104981638676086,-0.07314483353587428,0.5204834387696161,-0.44021480027038185,1.5745829277986432,0.26077647345721733,-1.091687144706673,0.0,1.0,0.0,0
0.9104981638676086,0.009856396008380088,0.5204834387696161,-0.44021480027038185,-0.7409694525035976,0.26077647345721733,-1.091687144706673,0.0,0.0,1.0,0
-0.3240756176477932,-0.40514975171289175,-0.6361464251628642,-0.44021480027038185,0.9101772732232845,-0.7568878132050939,0.9160133513055992,1.0,0.0,1.0,1
-1.558649399163195,2.2508895937032483,-0.6361464251628642,-0.44021480027038185,1.5745829277986432,-0.7568878132050939,0.9160133513055992,1.0,0.0,0.0,0
-1.558649399163195,0.009856396008380088,0.5204834387696161,-0.44021480027038185,1.5745829277986432,0.26077647345721733,-1.091687144706673,1.0,1.0,0.0,0
-0.3240756176477932,0.009856396008380088,-0.6361464251628642,-0.44021480027038185,-0.7409694525035976,-0.7568878132050939,0.9160133513055992,1.0,0.0,1.0,1
0.9104981638676086,-0.40514975171289175,-0.6361464251628642,-0.44021480027038185,-0.7409694525035976,-0.7568878132050939,0.9160133513055992,0.0,0.0,1.0,1
-1.558649399163195,2.2508895937032483,1.6771133027020964,1.8318615882219116,-0.736218476975831,2.2961050467818396,-1.091687144706673,0.0,0.0,1.0,0
-0.3240756176477932,-0.40514975171289175,0.5204834387696161,-0.44021480027038185,1.5745829277986432,0.26077647345721733,-1.091687144706673,1.0,0.0,0.0,1
0.9104981638676086,0.009856396008380088,-0.6361464251628642,-0.44021480027038185,1.5745829277986432,-0.7568878132050939,0.9160133513055992,0.0,0.0,1.0,1
0.9104981638676086,0.673866232362415,-0.6361464251628642,1.8318615882219116,1.5745829277986432,0.26077647345721733,-1.091687144706673,1.0,0.0,0.0,1
-0.3240756176477932,-2.065174342597979,-0.6361464251628642,-0.44021480027038185,0.9101772732232845,-0.7568878132050939,0.9160133513055992,0.0,0.0,1.0,1
0.9104981638676086,-0.40514975171289175,-0.6361464251628642,-0.44021480027038185,-0.736218476975831,-0.7568878132050939,0.9160133513055992,1.0,0.0,1.0,1
0.9104981638676086,0.9228699209951782,-0.6361464251628642,-0.44021480027038185,0.9101772732232845,-0.7568878132050939,0.9160133513055992,0.0,0.0,1.0,0
0.9104981638676086,0.9228699209951782,-0.6361464251628642,-0.44021480027038185,-0.736218476975831,-0.7568878132050939,0.9160133513055992,1.0,0.0,1.0,0
-0.3240756176477932,0.009856396008380088,0.5204834387696161,-0.44021480027038185,0.9101772732232845,0.26077647345721733,-1.091687144706673,0.0,0.0,1.0,1
-1.558649399163195,0.673866232362415,-0.6361464251628642,-0.44021480027038185,-0.736218476975831,-0.7568878132050939,0.9160133513055992,1.0,1.0,0.0,1
0.9104981638676086,-0.40514975171289175,-0.6361464251628642,1.8318615882219116,0.9101772732232845,0.26077647345721733,-1.091687144706673,0.0,0.0,1.0,1
0.9104981638676086,-2.065174342597979,-0.6361464251628642,-0.44021480027038185,-0.7654552494543946,-0.7568878132050939,0.9160133513055992,1.0,0.0,0.0,0
-0.3240756176477932,0.009856396008380088,-0.6361464251628642,-0.44021480027038185,-0.7654552494543946,-0.7568878132050939,0.9160133513055992,0.0,0.0,1.0,0
-1.558649399163195,0.009856396008380088,-0.6361464251628642,1.8318615882219116,1.5745829277986432,0.26077647345721733,-1.091687144706673,0.0,0.0,1.0,1
-1.558649399163195,-0.40514975171289175,-0.6361464251628642,-0.44021480027038185,0.9101772732232845,-0.7568878132050939,0.9160133513055992,0.0,0.0,1.0,0
-0.3240756176477932,0.9228699209951782,0.5204834387696161,-0.44021480027038185,-0.736218476975831,0.26077647345721733,-1.091687144706673,0.0,0.0,1.0,1
0.9104981638676086,-2.065174342597979,1.6771133027020964,-0.44021480027038185,-0.7409694525035976,1.2784407601195285,-1.091687144706673,1.0,0.0,1.0,0
0.9104981638676086,2.2508895937032483,-0.6361464251628642,-0.44021480027038185,1.5745829277986432,-0.7568878132050939,0.9160133513055992,1.0,0.0,1.0,0
0.9104981638676086,0.673866232362415,0.5204834387696161,-0.44021480027038185,-0.7654552494543946,0.26077647345721733,-1.091687144706673,0.0,1.0,0.0,1
-1.558649399163195,0.673866232362415,-0.6361464251628642,-0.44021480027038185,-0.7409694525035976,-0.7568878132050939,0.9160133513055992,0.0,0.0,1.0,0
0.9104981638676086,0.9228699209951782,-0.6361464251628642,1.8318615882219116,-0.736218476975831,0.26077647345721733,-1.091687144706673,0.0,0.0,1.0,1
0.9104981638676086,-0.07314483353587428,-0.6361464251628642,-0.44021480027038185,-0.7409694525035976,-0.7568878132050939,0.9160133513055992,0.0,0.0,0.0,0
-1.558649399163195,2.2508895937032483,-0.6361464251628642,1.8318615882219116,-0.7654552494543946,0.26077647345721733,-1.091687144706673,1.0,0.0,1.0,0
0.9104981638676086,-0.07314483353587428,1.6771133027020964,-0.44021480027038185,1.5745829277986432,1.2784407601195285,-1.091687144706673,0.0,0.0,1.0,0
0.9104981638676086,-0.40514975171289175,-0.6361464251628642,-0.44021480027038185,1.5745829277986432,-0.7568878132050939,0.9160133513055992,1.0,0.0,1.0,1
-1.558649399163195,0.9228699209951782,2.833743166634577,-0.44021480027038185,-0.736218476975831,2.2961050467818396,-1.091687144706673,0.0,0.0,0.0,0
0.9104981638676086,-0.07314483353587428,0.5204834387696161,-0.44021480027038185,-0.7409694525035976,0.26077647345721733,-1.091687144706673,1.0,0.0,1.0,1
-1.558649399163195,-2.065174342597979,-0.6361464251628642,-0.44021480027038185,-0.7654552494543946,-0.7568878132050939,0.9160133513055992,0.0,0.0,0.0,0
-0.3240756176477932,-2.065174342597979,-0.6361464251628642,-0.44021480027038185,0.9101772732232845,-0.7568878132050939,0.9160133513055992,1.0,0.0,1.0,1
-0.3240756176477932,-0.40514975171289175,-0.6361464251628642,-0.44021480027038185,-0.736218476975831,-0.7568878132050939,0.9160133513055992,0.0,0.0,0.0,0
0.9104981638676086,-0.07314483353587428,0.5204834387696161,-0.44021480027038185,-0.7654552494543946,0.26077647345721733,-1.091687144706673,0.0,0.0,1.0,0
-0.3240756176477932,0.009856396008380088,0.5204834387696161,1.8318615882219116,1.5745829277986432,1.2784407601195285,-1.091687144706673,0.0,0.0,1.0,0
0.9104981638676086,-0.07314483353587428,-0.6361464251628642,-0.44021480027038185,-0.7654552494543946,-0.7568878132050939,0.9160133513055992,1.0,0.0,1.0,0
-0.3240756176477932,0.673866232362415,2.833743166634577,-0.44021480027038185,-0.7654552494543946,2.2961050467818396,-1.091687144706673,1.0,0.0,0.0,0
0.9104981638676086,-0.07314483353587428,1.6771133027020964,-0.44021480027038185,-0.7409694525035976,1.2784407601195285,-1.091687144706673,0.0,0.0,1.0,0
0.9104981638676086,-0.40514975171289175,-0.6361464251628642,-0.44021480027038185,-0.7409694525035976,-0.7568878132050939,0.9160133513055992,0.0,0.0,0.0,1
0.9104981638676086,-0.07314483353587428,-0.6361464251628642,-0.44021480027038185,0.9101772732232845,-0.7568878132050939,0.9160133513055992,0.0,0.0,1.0,0
-1.558649399163195,2.2508895937032483,-0.6361464251628642,-0.44021480027038185,-0.7409694525035976,-0.7568878132050939,0.9160133513055992,1.0,0.0,1.0,0
0.9104981638676086,0.673866232362415,-0.6361464251628642,-0.44021480027038185,-0.7409694525035976,-0.7568878132050939,0.9160133513055992,1.0,0.0,0.0,0
-1.558649399163195,0.673866232362415,-0.6361464251628642,-0.44021480027038185,-0.7409694525035976,-0.7568878132050939,0.9160133513055992,0.0,0.0,1.0,0
0.9104981638676086,-0.40514975171289175,0.5204834387696161,-0.44021480027038185,1.5745829277986432,0.26077647345721733,-1.091687144706673,0.0,1.0,0.0,1
-1.558649399163195,-2.065174342597979,-0.6361464251628642,-0.44021480027038185,-0.7654552494543946,-0.7568878132050939,0.9160133513055992,0.0,0.0,1.0,1
0.9104981638676086,0.009856396008380088,-0.6361464251628642,1.8318615882219116,-0.7654552494543946,0.26077647345721733,-1.091687144706673,1.0,0.0,0.0,0
0.9104981638676086,-2.065174342597979,-0.6361464251628642,-0.44021480027038185,-0.7654552494543946,-0.7568878132050939,0.9160133513055992,0.0,0.0,1.0,0
-0.3240756176477932,0.9228699209951782,1.6771133027020964,1.8318615882219116,-0.736218476975831,2.2961050467818396,-1.091687144706673,0.0,0.0,1.0,0
0.9104981638676086,0.009856396008380088,-0.6361464251628642,-0.44021480027038185,-0.736218476975831,-0.7568878132050939,0.9160133513055992,0.0,0.0,1.0,1
-0.3240756176477932,-2.065174342597979,-0.6361464251628642,1.8318615882219116,-0.7654552494543946,0.26077647345721733,-1.091687144706673,0.0,0.0,1.0,0
-1.558649399163195,0.9228699209951782,2.833743166634577,-0.44021480027038185,-0.7409694525035976,2.2961050467818396,-1.091687144706673,1.0,0.0,1.0,1
-1.558649399163195,0.009856396008380088,2.833743166634577,-0.44021480027038185,0.9101772732232845,2.2961050467818396,-1.091687144706673,1.0,0.0,1.0,1
0.9104981638676086,0.009856396008380088,1.6771133027020964,-0.44021480027038185,-0.736218476975831,1.2784407601195285,-1.091687144706673,1.0,0.0,1.0,0
-0.3240756176477932,-0.07314483353587428,0.5204834387696161,-0.44021480027038185,-0.736218476975831,0.26077647345721733,-1.091687144706673,0.0,1.0,0.0,0
-1.558649399163195,-0.40514975171289175,2.833743166634577,-0.44021480027038185,-0.7409694525035976,2.2961050467818396,-1.091687144706673,1.0,0.0,1.0,0
-0.3240756176477932,0.009856396008380088,-0.6361464251628642,-0.44021480027038185,0.9101772732232845,-0.7568878132050939,0.9160133513055992,1.0,0.0,1.0,1
-1.558649399163195,-2.065174342597979,0.5204834387696161,-0.44021480027038185,-0.7654552494543946,0.26077647345721733,-1.091687144706673,0.0,1.0,0.0,1
0.9104981638676086,0.009856396008380088,-0.6361464251628642,-0.44021480027038185,-0.736218476975831,-0.7568878132050939,0.9160133513055992,0.0,0.0,1.0,0
0.9104981638676086,-0.40514975171289175,0.5204834387696161,-0.44021480027038185,-0.7409694525035976,0.26077647345721733,-1.091687144706673,1.0,0.0,1.0,0
-0.3240756176477932,0.009856396008380088,2.833743166634577,1.8318615882219116,-0.7409694525035976,3.313769333444151,-1.091687144706673,0.0,0.0,1.0,0
-0.3240756176477932,0.009856396008380088,-0.6361464251628642,-0.44021480027038185,0.9101772732232845,-0.7568878132050939,0.9160133513055992,0.0,0.0,1.0,0
-1.558649399163195,0.673866232362415,-0.6361464251628642,-0.44021480027038185,-0.7654552494543946,-0.7568878132050939,0.9160133513055992,1.0,0.0,1.0,0
-0.3240756176477932,0.673866232362415,-0.6361464251628642,-0.44021480027038185,1.5745829277986432,-0.7568878132050939,0.9160133513055992,0.0,0.0,1.0,0
-0.3240756176477932,2.2508895937032483,1.6771133027020964,-0.44021480027038185,-0.7409694525035976,1.2784407601195285,-1.091687144706673,0.0,0.0,1.0,0
0.9104981638676086,0.673866232362415,-0.6361464251628642,1.8318615882219116,-0.7409694525035976,0.26077647345721733,-1.091687144706673,1.0,0.0,0.0,0
-0.3240756176477932,0.009856396008380088,1.6771133027020964,-0.44021480027038185,-0.736218476975831,1.2784407601195285,-1.091687144706673,0.0,0.0,1.0,1
0.9104981638676086,0.673866232362415,-0.6361464251628642,-0.44021480027038185,-0.7654552494543946,-0.7568878132050939,0.9160133513055992,1.0,0.0,1.0,0
0.9104981638676086,0.009856396008380088,-0.6361464251628642,-0.44021480027038185,-0.7654552494543946,-0.7568878132050939,0.9160133513055992,0.0,0.0,1.0,0
0.9104981638676086,0.9228699209951782,-0.6361464251628642,-0.44021480027038185,0.9101772732232845,-0.7568878132050939,0.9160133513055992,0.0,0.0,1.0,0
-1.558649399163195,-0.40514975171289175,-0.6361464251628642,-0.44021480027038185,-0.7654552494543946,-0.7568878132050939,0.9160133513055992,1.0,0.0,1.0,1
0.9104981638676086,0.673866232362415,-0.6361464251628642,-0.44021480027038185,-0.7409694525035976,-0.7568878132050939,0.9160133513055992,0.0,0.0,1.0,1
0.9104981638676086,0.673866232362415,-0.6361464251628642,-0.44021480027038185,1.5745829277986432,-0.7568878132050939,0.9160133513055992,0.0,0.0,0.0,1
-0.3240756176477932,-0.07314483353587428,-0.6361464251628642,-0.44021480027038185,-0.7654552494543946,-0.7568878132050939,0.9160133513055992,0.0,0.0,1.0,1
0.9104981638676086,0.009856396008380088,-0.6361464251628642,1.8318615882219116,-0.7654552494543946,0.26077647345721733,-1.091687144706673,1.0,0.0,0.0,0
0.9104981638676086,-2.065174342597979,1.6771133027020964,-0.44021480027038185,-0.7409694525035976,1.2784407601195285,-1.091687144706673,1.0,1.0,0.0,1
-0.3240756176477932,0.9228699209951782,0.5204834387696161,-0.44021480027038185,1.5745829277986432,0.26077647345721733,-1.091687144706673,1.0,0.0,1.0,0
-0.3240756176477932,0.673866232362415,-0.6361464251628642,-0.44021480027038185,-0.736218476975831,-0.7568878132050939,0.9160133513055992,1.0,0.0,1.0,1
0.9104981638676086,0.673866232362415,-0.6361464251628642,-0.44021480027038185,1.5745829277986432,-0.7568878132050939,0.9160133513055992,1.0,0.0,0.0,0
-0.3240756176477932,0.673866232362415,0.5204834387696161,1.8318615882219116,-0.7654552494543946,1.2784407601195285,-1.091687144706673,0.0,0.0,1.0,0
-1.558649399163195,0.009856396008380088,-0.6361464251628642,-0.44021480027038185,-0.7409694525035976,-0.7568878132050939,0.9160133513055992,1.0,0.0,0.0,0
0.9104981638676086,0.009856396008380088,0.5204834387696161,1.8318615882219116,-0.7409694525035976,1.2784407601195285,-1.091687144706673,1.0,0.0,1.0,0
0.9104981638676086,0.673866232362415,-0.6361464251628642,-0.44021480027038185,0.9101772732232845,-0.7568878132050939,0.9160133513055992,1.0,0.0,1.0,1
0.9104981638676086,-0.07314483353587428,-0.6361464251628642,-0.44021480027038185,0.9101772732232845,-0.7568878132050939,0.9160133513055992,1.0,0.0,1.0,1
0.9104981638676086,0.009856396008380088,-0.6361464251628642,1.8318615882219116,-0.7654552494543946,0.26077647345721733,-1.091687144706673,1.0,0.0,1.0,0
-0.3240756176477932,-2.065174342597979,-0.6361464251628642,1.8318615882219116,-0.7654552494543946,0.26077647345721733,-1.091687144706673,1.0,0.0,0.0,1
-0.3240756176477932,0.9228699209951782,-0.6361464251628642,-0.44021480027038185,-0.7654552494543946,-0.7568878132050939,0.9160133513055992,1.0,0.0,1.0,1
0.9104981638676086,-2.065174342597979,0.5204834387696161,-0.44021480027038185,1.5745829277986432,0.26077647345721733,-1.091687144706673,0.0,0.0,1.0,0
-1.558649399163195,0.009856396008380088,-0.6361464251628642,1.8318615882219116,1.5745829277986432,0.26077647345721733,-1.091687144706673,0.0,0.0,1.0,1
-1.558649399163195,-0.07314483353587428,-0.6361464251628642,-0.44021480027038185,-0.7654552494543946,-0.7568878132050939,0.9160133513055992,1.0,0.0,1.0,0
0.9104981638676086,0.009856396008380088,2.833743166634577,-0.44021480027038185,-0.736218476975831,2.2961050467818396,-1.091687144706673,0.0,1.0,0.0,0
0.9104981638676086,0.009856396008380088,-0.6361464251628642,-0.44021480027038185,-0.7654552494543946,-0.7568878132050939,0.9160133513055992,1.0,0.0,1.0,1
-1.558649399163195,-0.07314483353587428,0.5204834387696161,4.103937976714205,-0.7409694525035976,2.2961050467818396,-1.091687144706673,0.0,0.0,1.0,0
-0.3240756176477932,0.009856396008380088,1.6771133027020964,-0.44021480027038185,-0.7409694525035976,1.2784407601195285,-1.091687144706673,0.0,0.0,1.0,0
0.9104981638676086,0.009856396008380088,-0.6361464251628642,-0.44021480027038185,1.5745829277986432,-0.7568878132050939,0.9160133513055992,0.0,0.0,1.0,0
0.9104981638676086,-2.065174342597979,-0.6361464251628642,-0.44021480027038185,1.5745829277986432,-0.7568878132050939,0.9160133513055992,0.0,0.0,0.0,0
0.9104981638676086,0.673866232362415,-0.6361464251628642,-0.44021480027038185,0.9101772732232845,-0.7568878132050939,0.9160133513055992,1.0,0.0,0.0,0
-0.3240756176477932,0.009856396008380088,-0.6361464251628642,-0.44021480027038185,-0.7409694525035976,-0.7568878132050939,0.9160133513055992,1.0,0.0,1.0,0
-0.3240756176477932,-0.40514975171289175,1.6771133027020964,4.103937976714205,0.9101772732232845,3.313769333444151,-1.091687144706673,1.0,0.0,1.0,0
0.9104981638676086,-2.065174342597979,-0.6361464251628642,-0.44021480027038185,-0.736218476975831,-0.7568878132050939,0.9160133513055992,0.0,0.0,1.0,0
0.9104981638676086,0.009856396008380088,-0.6361464251628642,-0.44021480027038185,1.5745829277986432,-0.7568878132050939,0.9160133513055992,0.0,0.0,1.0,0
0.9104981638676086,0.009856396008380088,-0.6361464251628642,-0.44021480027038185,-0.736218476975831,-0.7568878132050939,0.9160133513055992,1.0,0.0,0.0,0
-0.3240756176477932,0.009856396008380088,-0.6361464251628642,-0.44021480027038185,-0.7409694525035976,-0.7568878132050939,0.9160133513055992,0.0,0.0,1.0,1
0.9104981638676086,-0.07314483353587428,-0.6361464251628642,-0.44021480027038185,1.5745829277986432,-0.7568878132050939,0.9160133513055992,0.0,0.0,1.0,0
0.9104981638676086,-0.40514975171289175,1.6771133027020964,-0.44021480027038185,-0.736218476975831,1.2784407601195285,-1.091687144706673,0.0,0.0,0.0,1
-0.3240756176477932,0.9228699209951782,-0.6361464251628642,4.103937976714205,-0.736218476975831,1.2784407601195285,-1.091687144706673,1.0,1.0,0.0,0
-1.558649399163195,2.2508895937032483,-0.6361464251628642,-0.44021480027038185,-0.7409694525035976,-0.7568878132050939,0.9160133513055992,0.0,0.0,0.0,0
-1.558649399163195,-0.07314483353587428,-0.6361464251628642,-0.44021480027038185,-0.7654552494543946,-0.7568878132050939,0.9160133513055992,0.0,0.0,0.0,1
-1.558649399163195,0.9228699209951782,0.5204834387696161,-0.44021480027038185,-0.7409694525035976,0.26077647345721733,-1.091687144706673,0.0,0.0,0.0,1
-0.3240756176477932,-0.40514975171289175,-0.6361464251628642,-0.44021480027038185,-0.736218476975831,-0.7568878132050939,0.9160133513055992,0.0,0.0,1.0,0
0.9104981638676086,-0.07314483353587428,-0.6361464251628642,-0.44021480027038185,0.9101772732232845,-0.7568878132050939,0.9160133513055992,0.0,0.0,1.0,1
-0.3240756176477932,0.673866232362415,-0.6361464251628642,1.8318615882219116,-0.7654552494543946,0.26077647345721733,-1.091687144706673,1.0,0.0,1.0,0
0.9104981638676086,0.009856396008380088,-0.6361464251628642,-0.44021480027038185,-0.7654552494543946,-0.7568878132050939,0.9160133513055992,0.0,0.0,1.0,0
0.9104981638676086,0.673866232362415,-0.6361464251628642,-0.44021480027038185,-0.7654552494543946,-0.7568878132050939,0.9160133513055992,1.0,0.0,0.0,0
0.9104981638676086,0.009856396008380088,-0.6361464251628642,-0.44021480027038185,-0.736218476975831,-0.7568878132050939,0.9160133513055992,1.0,0.0,1.0,0
0.9104981638676086,0.009856396008380088,-0.6361464251628642,-0.44021480027038185,1.5745829277986432,-0.7568878132050939,0.9160133513055992,1.0,0.0,0.0,1
0.9104981638676086,0.9228699209951782,-0.6361464251628642,1.8318615882219116,-0.736218476975831,0.26077647345721733,-1.091687144706673,0.0,0.0,0.0,1
-0.3240756176477932,0.673866232362415,-0.6361464251628642,-0.44021480027038185,-0.736218476975831,-0.7568878132050939,0.9160133513055992,0.0,0.0,1.0,1
0.9104981638676086,0.673866232362415,1.6771133027020964,-0.44021480027038185,-0.736218476975831,1.2784407601195285,-1.091687144706673,0.0,0.0,0.0,1
-1.558649399163195,-0.07314483353587428,0.5204834387696161,1.8318615882219116,-0.7409694525035976,1.2784407601195285,-1.091687144706673,0.0,0.0,1.0,0
-0.3240756176477932,-0.40514975171289175,-0.6361464251628642,-0.44021480027038185,-0.7409694525035976,-0.7568878132050939,0.9160133513055992,0.0,0.0,1.0,0
-0.3240756176477932,-0.07314483353587428,1.6771133027020964,-0.44021480027038185,0.9101772732232845,1.2784407601195285,-1.091687144706673,0.0,0.0,0.0,0
-1.558649399163195,0.009856396008380088,0.5204834387696161,-0.44021480027038185,0.9101772732232845,0.26077647345721733,-1.091687144706673,0.0,0.0,1.0,1
-1.558649399163195,-2.065174342597979,-0.6361464251628642,-0.44021480027038185,-0.736218476975831,-0.7568878132050939,0.9160133513055992,0.0,0.0,1.0,0
0.9104981638676086,-0.07314483353587428,0.5204834387696161,-0.44021480027038185,1.5745829277986432,0.26077647345721733,-1.091687144706673,0.0,0.0,1.0,0
0.9104981638676086,-0.40514975171289175,0.5204834387696161,-0.44021480027038185,-0.7654552494543946,0.26077647345721733,-1.091687144706673,1.0,0.0,1.0,1
0.9104981638676086,0.673866232362415,-0.6361464251628642,-0.44021480027038185,1.5745829277986432,-0.7568878132050939,0.9160133513055992,0.0,0.0,1.0,1
-0.3240756176477932,-2.065174342597979,-0.6361464251628642,1.8318615882219116,0.9101772732232845,0.26077647345721733,-1.091687144706673,0.0,0.0,1.0,1
0.9104981638676086,2.2508895937032483,-0.6361464251628642,-0.44021480027038185,-0.7654552494543946,-0.7568878132050939,0.9160133513055992,1.0,1.0,0.0,0
-0.3240756176477932,2.2508895937032483,-0.6361464251628642,-0.44021480027038185,-0.7654552494543946,-0.7568878132050939,0.9160133513055992,1.0,1.0,0.0,0
-1.558649399163195,-2.065174342597979,-0.6361464251628642,-0.44021480027038185,0.9101772732232845,-0.7568878132050939,0.9160133513055992,0.0,0.0,1.0,1
-0.3240756176477932,-0.40514975171289175,0.5204834387696161,-0.44021480027038185,-0.7409694525035976,0.26077647345721733,-1.091687144706673,1.0,0.0,0.0,0
-1.558649399163195,0.9228699209951782,-0.6361464251628642,-0.44021480027038185,-0.7654552494543946,-0.7568878132050939,0.9160133513055992,0.0,1.0,0.0,1
-0.3240756176477932,-0.07314483353587428,1.6771133027020964,-0.44021480027038185,1.5745829277986432,1.2784407601195285,-1.091687144706673,0.0,0.0,1.0,0
0.9104981638676086,-2.065174342597979,-0.6361464251628642,-0.44021480027038185,0.9101772732232845,-0.7568878132050939,0.9160133513055992,1.0,0.0,0.0,1
-1.558649399163195,-0.40514975171289175,0.5204834387696161,-0.44021480027038185,1.5745829277986432,0.26077647345721733,-1.091687144706673,0.0,0.0,1.0,1
-1.558649399163195,-0.40514975171289175,-0.6361464251628642,1.8318615882219116,1.5745829277986432,0.26077647345721733,-1.091687144706673,0.0,0.0,1.0,1
-0.3240756176477932,0.009856396008380088,0.5204834387696161,-0.44021480027038185,1.5745829277986432,0.26077647345721733,-1.091687144706673,0.0,0.0,0.0,1
0.9104981638676086,0.673866232362415,1.6771133027020964,1.8318615882219116,-0.736218476975831,2.2961050467818396,-1.091687144706673,1.0,0.0,1.0,1
-0.3240756176477932,0.009856396008380088,-0.6361464251628642,-0.44021480027038185,-0.7409694525035976,-0.7568878132050939,0.9160133513055992,1.0,0.0,1.0,0
0.9104981638676086,0.009856396008380088,-0.6361464251628642,-0.44021480027038185,-0.736218476975831,-0.7568878132050939,0.9160133513055992,0.0,0.0,0.0,0
0.9104981638676086,0.009856396008380088,-0.6361464251628642,-0.44021480027038185,1.5745829277986432,-0.7568878132050939,0.9160133513055992,1.0,0.0,1.0,0
