PassengerId,Pclass,Sex,Age,SibSp,Parch,Fare,Embarked,Survived
1,2,female,35.0,0,0,71.28,S,0
2,3,female,27.0,2,0,7.25,S,0
3,3,male,26.0,0,0,53.1,S,1
4,3,male,54.0,1,0,71.28,S,0
5,1,female,2.0,0,0,7.25,S,1
6,1,female,38.0,1,0,7.92,C,1
7,1,female,2.0,0,0,8.05,S,0
8,3,female,27.0,0,0,7.25,S,0
9,3,female,26.0,2,0,7.92,S,0
10,3,female,27.0,0,0,7.25,S,0
11,1,male,35.0,0,0,8.05,Q,1
12,3,female,22.0,2,0,8.05,C,1
13,3,female,26.0,2,0,71.28,S,0
14,2,male,22.0,0,0,53.1,S,1
15,1,male,54.0,0,1,7.25,S,0
16,1,male,38.0,0,1,7.25,S,1
17,2,male,,0,0,7.92,S,0
18,3,female,27.0,0,0,8.05,S,1
19,2,female,2.0,0,1,7.25,S,0
20,2,female,38.0,1,0,8.05,S,1
21,3,female,26.0,1,0,7.25,C,0
22,1,female,22.0,1,0,71.28,S,1
23,2,female,2.0,0,0,53.1,S,1
24,2,male,22.0,0,0,7.25,C,0
25,2,female,35.0,0,0,8.05,S,1
26,3,male,22.0,0,0,71.28,S,1
27,1,male,35.0,0,0,7.25,S,0
28,3,female,54.0,1,0,7.92,S,0
29,3,male,2.0,0,0,53.1,C,1
30,1,female,2.0,0,0,7.25,C,0
31,3,male,,0,0,71.28,S,0
32,1,female,26.0,1,1,7.92,S,0
33,1,male,35.0,0,0,71.28,S,1
34,3,female,,0,0,71.28,S,0
35,3,female,22.0,0,0,7.92,S,1
36,3,female,22.0,1,0,71.28,Q,1
37,2,female,,0,0,7.92,S,1
38,1,female,2.0,1,0,7.25,Q,1
39,3,male,22.0,1,0,7.92,S,0
40,2,male,27.0,0,0,7.92,S,1
41,1,male,54.0,0,0,53.1,S,0
42,2,female,54.0,3,0,7.92,C,0
43,1,male,27.0,0,0,7.92,C,0
44,3,female,,0,0,7.25,C,0
45,2,female,27.0,1,0,53.1,S,1
46,3,male,35.0,2,1,8.05,S,1
47,2,male,35.0,3,0,7.25,C,0
48,3,female,,1,0,7.25,S,0
49,3,male,27.0,0,0,8.05,S,1
50,1,female,35.0,0,0,7.92,S,0
51,3,female,2.0,1,0,71.28,nan,0
52,3,female,27.0,0,0,53.1,Q,0
53,3,female,2.0,0,0,71.28,S,1
54,3,female,35.0,2,0,8.05,C,1
55,3,male,54.0,0,0,7.25,Q,0
56,3,male,35.0,0,0,7.25,S,0
57,1,female,2.0,0,0,53.1,S,1
58,1,female,38.0,0,0,7.25,Q,1
59,1,male,26.0,0,0,7.25,S,0
60,2,male,22.0,0,0,53.1,S,1
61,2,female,27.0,0,0,53.1,S,0
62,2,male,38.0,0,2,8.05,Q,0
63,3,female,35.0,1,0,7.25,Q,1
64,2,male,54.0,0,0,7.25,Q,0
65,2,female,,2,0,8.05,S,1
66,3,male,35.0,0,0,7.92,C,0
67,1,female,54.0,0,0,7.92,C,0
68,3,male,26.0,1,0,7.92,S,1
69,1,male,35.0,0,0,8.05,C,0
70,3,female,2.0,2,0,7.25,S,1
71,3,male,,0,0,8.05,S,0
72,1,female,54.0,2,1,8.05,S,0
73,1,male,54.0,0,0,7.92,S,0
74,3,female,54.0,1,0,71.28,S,1
75,3,male,26.0,0,0,7.25,S,0
76,3,female,35.0,3,2,7.92,S,1
77,3,male,26.0,0,0,71.28,C,0
78,1,female,27.0,0,0,71.28,S,1
79,2,male,22.0,2,2,53.1,S,0
80,1,female,22.0,0,1,7.25,S,1
81,3,female,27.0,0,1,71.28,C,1
82,3,female,35.0,0,0,7.92,S,1
83,2,male,2.0,0,0,53.1,S,1
84,1,female,26.0,0,0,7.25,C,1
85,2,male,,0,1,8.05,S,1
86,2,female,54.0,2,0,7.92,S,0
87,3,male,54.0,0,0,71.28,S,0
88,3,female,35.0,0,0,71.28,C,1
89,3,male,2.0,2,0,7.92,S,0
90,2,male,22.0,1,0,71.28,C,1
91,1,female,22.0,0,0,53.1,S,0
92,3,male,54.0,0,0,7.25,Q,0
93,3,male,35.0,0,0,53.1,C,0
94,3,female,26.0,0,0,71.28,nan,1
95,3,male,22.0,0,0,8.05,S,0
96,2,male,26.0,0,0,7.25,C,0
97,3,male,2.0,0,0,7.25,S,0
98,2,female,22.0,0,0,7.92,S,0
99,1,male,22.0,3,0,7.92,S,0
100,1,female,38.0,3,0,8.05,C,0
101,1,male,22.0,0,0,7.25,nan,1
102,3,male,27.0,0,0,8.05,C,0
103,2,male,,0,0,7.92,S,0
104,3,female,27.0,1,0,7.92,S,0
105,3,male,35.0,0,0,7.25,C,0
106,2,male,35.0,0,2,53.1,S,0
107,2,female,26.0,2,0,71.28,S,0
108,3,male,27.0,1,1,7.92,S,0
109,2,female,27.0,2,0,7.92,S,0
110,1,female,27.0,1,0,53.1,S,1
111,2,male,2.0,0,0,53.1,S,1
112,1,female,22.0,0,0,8.05,S,1
113,3,male,,2,0,8.05,S,0
114,3,female,26.0,1,0,71.28,nan,0
115,3,female,27.0,0,0,71.28,S,0
116,3,male,27.0,0,1,7.25,S,0
117,3,female,38.0,0,1,8.05,S,1
118,1,female,26.0,1,2,7.92,S,0
119,3,female,27.0,3,0,8.05,Q,0
120,3,female,26.0,0,0,7.92,C,0
121,3,female,22.0,0,1,53.1,S,1
122,3,male,38.0,0,0,8.05,S,0
123,2,female,26.0,2,0,53.1,C,0
124,1,male,,1,0,71.28,Q,0
125,2,female,,1,0,71.28,S,0
126,2,male,35.0,0,1,7.25,S,0
127,3,male,38.0,0,0,8.05,S,0
128,3,female,38.0,0,0,53.1,nan,0
129,1,female,35.0,0,0,7.92,S,0
130,3,female,26.0,1,0,71.28,Q,0
131,2,male,38.0,1,0,71.28,S,0
132,2,female,,3,1,7.92,S,0
133,1,male,,3,0,53.1,S,1
134,2,male,27.0,0,0,53.1,S,1
135,3,male,22.0,1,0,8.05,S,0
136,2,female,38.0,2,1,8.05,S,0
137,3,female,26.0,1,0,7.25,S,0
138,3,male,35.0,0,1,71.28,C,1
139,2,male,35.0,0,0,8.05,S,1
140,3,female,26.0,0,0,53.1,S,0
141,3,male,2.0,2,0,7.92,Q,1
142,2,female,54.0,0,0,53.1,C,0
143,2,male,22.0,0,0,71.28,Q,0
144,2,female,35.0,0,0,53.1,nan,1
145,2,male,38.0,0,0,7.25,S,1
146,1,female,22.0,0,1,71.28,S,1
147,3,male,38.0,0,0,7.92,C,1
148,3,female,2.0,0,0,7.25,S,0
149,1,female,,0,1,71.28,S,1
150,2,male,22.0,1,0,7.92,C,0
151,3,male,27.0,0,0,7.25,S,1
152,2,female,35.0,1,1,7.25,S,0
153,1,male,22.0,0,0,71.28,S,1
154,2,female,22.0,0,0,8.05,S,0
155,3,male,22.0,1,0,7.25,S,1
156,2,female,54.0,0,0,7.25,S,0
157,3,female,22.0,0,0,7.92,C,1
158,3,female,38.0,0,0,53.1,S,0
159,2,female,,1,1,71.28,S,0
160,3,female,2.0,0,0,71.28,C,0
161,2,female,26.0,1,0,8.05,Q,0
162,3,male,22.0,0,0,8.05,C,1
163,3,male,35.0,0,0,71.28,C,0
164,3,male,22.0,0,0,8.05,S,1
165,1,female,35.0,0,0,7.92,S,0
166,3,female,38.0,0,0,71.28,S,0
167,2,female,35.0,0,0,8.05,S,1
168,1,female,27.0,0,1,71.28,S,1
169,1,male,26.0,2,0,53.1,S,0
170,3,male,,0,1,7.25,C,0
171,3,female,35.0,0,0,71.28,S,1
172,1,male,35.0,1,1,7.25,S,0
173,3,male,,0,0,8.05,S,1
174,2,female,26.0,0,0,7.25,S,1
175,3,male,22.0,1,0,71.28,S,1
176,1,female,35.0,2,0,53.1,C,0
177,3,male,,0,0,8.05,S,1
178,2,female,27.0,2,0,71.28,S,0
179,3,female,27.0,0,0,8.05,S,0
180,1,female,38.0,0,0,7.92,C,0
181,2,female,,0,0,7.25,S,0
182,1,male,38.0,3,0,7.92,S,1
183,3,female,27.0,0,0,71.28,S,1
184,3,female,26.0,0,0,53.1,S,1
185,2,female,22.0,0,0,8.05,C,0
186,3,male,,0,1,7.25,C,0
187,3,female,2.0,0,0,8.05,S,0
188,3,male,27.0,0,0,71.28,C,1
189,3,female,27.0,0,0,8.05,C,0
190,2,male,2.0,0,1,7.25,C,1
191,1,male,54.0,0,0,71.28,C,0
192,3,female,27.0,0,0,8.05,S,0
193,3,male,35.0,0,0,53.1,S,1
194,3,female,26.0,0,0,71.28,S,0
195,2,female,,1,0,71.28,C,1
196,2,female,2.0,0,1,53.1,S,1
197,3,male,35.0,0,1,7.92,C,0
198,3,male,2.0,0,0,7.25,C,0
199,3,female,,0,0,7.92,S,0
200,3,female,38.0,0,1,8.05,C,1
