Age,Experience,Salary,City,Target
45,10,38396,Bangalore,1
27,15,76856,Mumbai,0
38,3,74615,Bangalore,0
24,9,81985,Chennai,0
38,0,114166,Bangalore,0
43,2,104840,Chennai,0
23,1,39371,Chennai,0
25,15,97063,Chennai,0
41,9,108748,Chennai,0
38,7,46417,Mumbai,0
40,8,30695,Mumbai,0
42,10,32331,Chennai,0
38,6,118850,Mumbai,1
25,8,43301,Chennai,0
33,3,72052,Hyderabad,0
28,3,74823,Hyderabad,0
40,10,89042,Bangalore,0
44,17,95644,Hyderabad,0
38,9,107397,Hyderabad,0
32,7,43131,Mumbai,0
21,5,116506,Mumbai,1
44,18,81155,Mumbai,0
23,6,99341,Hyderabad,0
32,6,112841,Hyderabad,0
22,10,77581,Hyderabad,0
40,2,75432,Mumbai,0
35,11,46319,Hyderabad,0
28,14,102236,Hyderabad,1
41,5,114192,Mumbai,0
40,14,94352,Hyderabad,0
31,8,45379,Chennai,1
35,16,84177,Bangalore,0
22,7,99364,Bangalore,0
29,16,104507,Mumbai,0
42,17,36395,Mumbai,1
37,5,91542,Bangalore,0
25,11,46174,Bangalore,0
22,0,37280,Chennai,1
27,17,115422,Chennai,0
41,3,28278,Hyderabad,1
24,11,65306,Chennai,0
23,15,34071,Chennai,0
43,9,77296,Hyderabad,0
42,17,59973,Hyderabad,0
35,0,119646,Hyderabad,0
28,7,43289,Bangalore,1
33,8,108886,Chennai,0
28,16,103907,Bangalore,1
39,6,117349,Bangalore,0
22,7,62930,Bangalore,0