Name,Gender,City,Education,Study_Hours,Attendance,Assignments,Previous_Score,Sleep_Hours,Internet_Hours,Final_Score
Amit,Male,Bangalore,UG,4,78,65,68,6,3,70
Priya,Female,Mumbai,PG,7,92,88,85,7,2,88
Rahul,Male,Delhi,UG,3,70,60,62,5,5,65
Sneha,Female,Bangalore,PhD,8,95,92,91,8,1,94
Arjun,Male,Chennai,PG,5,82,74,73,6,4,76
Kavya,Female,Mumbai,UG,9,96,95,94,8,2,96
Rohan,Male,Delhi,PG,6,88,85,82,7,3,84
Ananya,Female,Bangalore,PhD,8,94,90,89,7,2,92
Vikram,Male,Chennai,UG,4,75,68,65,5,5,68
Neha,Female,Mumbai,PG,7,90,87,84,7,2,87